ts	phase	decision	why	evidence	result
2026-08-28T00:00:00Z	planning	Dispatched 7 parallel subagents for 5 code angles + competitor research	To surface all improvement candidates across the codebase	sub-agent reports	~100 findings surfaced
2026-08-28T00:00:00Z	verification	Dispatched 5 verification agents to re-read every cited file/line	Sub-agent claims must be verified before planning	verification sweep	45 confirmed 4 refuted 2 corrected
2026-08-28T00:00:00Z	planning	Skipped SplitMix64 replacement	Refuted: deterministic seeded PRNG for reproducible plans; rand_core only has OsRng; adding rand crate is overkill	plan.rs:21 verification	kept custom impl
2026-08-28T00:00:00Z	planning	Skipped rfc3339_utc dedup	Refuted: warpgen MISSING Hinnant year-correction (m <= 2); this is a BUG not a dupe	warpgen.rs:634 vs pool.rs:381 verification	fix bug not merge
2026-08-28T00:00:00Z	planning	Skipped parse_cidr merge	Refuted: ranges::parse_cidr DELEGATES to api::validate::parse_cidr; one parser not two	pool.rs:87 verification	no action needed
2026-08-28T00:00:00Z	planning	Skipped SSE ScanEvent divergence	Refuted: SSE sends bare inner payloads with event names; both paths serialize same types	sse.rs:150 verification	no action needed
2026-08-28T00:00:00Z	planning	Skipped god-file splits	Cosmetic high-diff low-payoff; would drown high-value fixes in review noise	architecture report	kept files as-is
2026-08-28T00:00:00Z	planning	Skipped module renames	Cosmetic; not worth the diff	architecture report	kept names as-is
2026-08-28T00:00:00Z	planning	Selected 3-batch structure: quick fixes to refactors to api breaks	Non-breaking first for fast shipping; refactors gated; api breaks version-bumped separately	user confirmed	3 batches
2026-08-28T00:00:00Z	planning	Included ALL src/api/ breaking changes	FragmentPreset Verifier Port Cidr newtypes RegisterRequest ScanEvent parse_cidr consolidation	user confirmed	all 7 included
2026-08-28T00:00:00Z	planning	Excluded new features (download-speed forwarding Baidu)	Competitor gaps treated as backlog artifact only	user confirmed	backlog only
2026-08-28T00:00:00Z	planning	Wayfinder map #10 + 12 child tickets + 8 branches	Track each decision as a ticket; one branch per agent; branches not worktrees	gh issue list	created
2026-08-28T00:00:00Z	batch-a	A1+A2+A3 dispatched in parallel	No blocking deps; 3 agents on 3 branches	task agents	dispatched
2026-08-28T00:00:00Z	batch-a	A1 security: 5 fixes — body-size cap key fallback CSP https-only	Highest severity; 4 of 5 landed first try; retry got 5/5	fix/batch-a-security	merged to main
2026-08-28T00:00:00Z	batch-a	A2 ponytail: 8/9 cleanups landed (hex_lower kept)	hex_lower needs hex crate; reverted to keep custom impl	fix/batch-a-ponytail	merged to main
2026-08-28T00:00:00Z	batch-a	A3 UI: 10 fixes — i18n dark tabular-nums sticky-IP progress	All 10 landed; svelte-check 0 errors	fix/batch-a-ui	merged to main
2026-08-28T00:00:00Z	batch-b	B1+B2 dispatched in parallel after A green	Blocked on A1+A2+A3; unblocked after merge	task agents	dispatched
2026-08-28T00:00:00Z	batch-b	B1 perf: 4/5 landed (last_terminal kept — correct as-is)	spawn_blocking store snapshot Arc ports box-once verdict	fix+refactor	merged to main
2026-08-28T00:00:00Z	batch-b	B2 PlanHosts enum replaces Box<dyn Iterator>	Eliminates heap alloc per plan item	refactor/batch-b-planenum	merged to main
2026-08-28T00:00:00Z	batch-c	C1+C2+C3 dispatched in parallel after B green	Blocked on B1+B2; C3/C4/C5 shared branch api/batch-c-fixes	task agents	dispatched
2026-08-28T00:00:00Z	batch-c	All Batch C work landed on api/batch-c-newtypes (agents collided)	FragmentPreset+Verifier+Port+FailedPayload+422 combined	0ef1d40	merged to main with conflict resolve
2026-08-28T00:00:00Z	batch-c	Resolved warp.rs conflict: Arc ports + Port.get()	Combined perf Arc optimization with Port newtype	edit warp.rs:218	merged
2026-08-28T00:00:00Z	verify	Main green: 393 tests + clippy -D warnings + fmt + svelte-check 0 errors	Full verify after each batch merge	cargo test/clippy/fmt	393 pass
2026-08-28T00:00:00Z	tracking	Closed tickets 11-20 (A1-C5) — 10 tickets done	All batches merged and verified	gh issue close	closed
